module_number,full_x_position,full_y_position,full_a,full_r,full_c,shrinked_a,shrinked_r,shrinked_c
0,0.0,0.0,0,29,48,1,9,19
1,4.86,4.209,0,28,50,0,9,19
2,-1.215,6.313,1,27,48,0,9,18
3,-6.075,2.104,1,28,46,1,9,18
4,-4.86,-4.209,0,30,46,0,10,18
5,1.215,-6.313,1,30,49,0,10,19
6,6.075,-2.104,1,29,51,1,9,20
7,9.72,8.418,0,27,52,1,8,20
8,3.645,10.522,1,26,50,1,8,19
9,14.58,12.627,0,26,54,0,8,20
10,2.43,16.836,0,25,49,0,8,18
11,19.44,16.836,0,25,56,1,7,21
12,1.215,23.149,1,23,49,1,7,18
13,24.3,21.044,0,24,58,0,7,21
14,0.0,29.462,0,22,48,0,7,17
15,29.16,25.253,0,23,60,1,6,22
16,-1.215,35.776,1,20,48,1,6,17
17,34.02,29.462,0,22,62,0,6,22
18,-2.43,42.089,0,19,47,0,6,16
19,38.88,33.671,0,21,64,1,5,23
20,-3.645,48.402,1,17,47,1,5,16
21,43.74,37.88,0,20,66,0,5,23
22,-4.86,54.715,0,16,46,0,5,15
23,48.6,42.089,0,19,68,1,4,24
24,-6.075,61.029,1,14,46,1,4,15
25,53.46,46.298,0,18,70,0,4,24
26,-7.29,67.342,0,13,45,0,4,14
27,58.32,50.507,0,17,72,1,3,25
28,-8.505,73.655,1,11,45,1,3,14
29,63.18,54.715,0,16,74,0,3,25
30,-9.72,79.969,0,10,44,0,3,13
31,68.04,58.924,0,15,76,1,2,26
32,-10.935,86.282,1,8,44,1,2,13
33,72.9,63.133,0,14,78,0,2,26
34,-12.15,92.595,0,7,43,0,2,12
35,77.76,67.342,0,13,80,1,1,27
36,-13.365,98.909,1,5,43,1,1,12
37,82.62,71.551,0,12,82,0,1,27
38,-14.58,105.222,0,4,42,0,1,11
39,87.48,75.76,0,11,84,1,0,28
40,-15.795,111.535,1,2,42,1,0,11
41,92.34,79.969,0,10,86,0,0,28
42,-17.01,117.849,0,1,41,0,0,10
43,8.505,14.731,1,25,52,0,8,19
44,13.365,18.94,1,24,54,1,7,20
45,7.29,21.044,0,24,51,1,7,19
46,18.225,23.149,1,23,56,0,7,20
47,6.075,27.358,1,22,51,0,7,18
48,23.085,27.358,1,22,58,1,6,21
49,4.86,33.671,0,21,50,1,6,18
50,27.945,31.567,1,21,60,0,6,21
51,3.645,39.984,1,19,50,0,6,17
52,32.805,35.776,1,20,62,1,5,22
53,2.43,46.298,0,18,49,1,5,17
54,37.665,39.984,1,19,64,0,5,22
55,1.215,52.611,1,16,49,0,5,16
56,42.525,44.193,1,18,66,1,4,23
57,0.0,58.924,0,15,48,1,4,16
58,47.385,48.402,1,17,68,0,4,23
59,-1.215,65.238,1,13,48,0,4,15
60,52.245,52.611,1,16,70,1,3,24
61,-2.43,71.551,0,12,47,1,3,15
62,57.105,56.82,1,15,72,0,3,24
63,-3.645,77.864,1,10,47,0,3,14
64,61.965,61.029,1,14,74,1,2,25
65,-4.86,84.178,0,9,46,1,2,14
66,66.825,65.238,1,13,76,0,2,25
67,-6.075,90.491,1,7,46,0,2,13
68,71.685,69.447,1,12,78,1,1,26
69,-7.29,96.804,0,6,45,1,1,13
70,76.545,73.655,1,11,80,0,1,26
71,-8.505,103.118,1,4,45,0,1,12
72,81.405,77.864,1,10,82,1,0,27
73,-9.72,109.431,0,3,44,1,0,12
74,86.265,82.073,1,9,84,0,0,27
75,-10.935,115.744,1,1,44,0,0,11
76,12.15,25.253,0,23,53,0,7,19
77,17.01,29.462,0,22,55,1,6,20
78,10.935,31.567,1,21,53,1,6,19
79,21.87,33.671,0,21,57,0,6,20
80,9.72,37.88,0,20,52,0,6,18
81,26.73,37.88,0,20,59,1,5,21
82,8.505,44.193,1,18,52,1,5,18
83,31.59,42.089,0,19,61,0,5,21
84,7.29,50.507,0,17,51,0,5,17
85,36.45,46.298,0,18,63,1,4,22
86,6.075,56.82,1,15,51,1,4,17
87,41.31,50.507,0,17,65,0,4,22
88,4.86,63.133,0,14,50,0,4,16
89,46.17,54.715,0,16,67,1,3,23
90,3.645,69.447,1,12,50,1,3,16
91,51.03,58.924,0,15,69,0,3,23
92,2.43,75.76,0,11,49,0,3,15
93,55.89,63.133,0,14,71,1,2,24
94,1.215,82.073,1,9,49,1,2,15
95,60.75,67.342,0,13,73,0,2,24
96,0.0,88.387,0,8,48,0,2,14
97,65.61,71.551,0,12,75,1,1,25
98,-1.215,94.7,1,6,48,1,1,14
99,70.47,75.76,0,11,77,0,1,25
100,-2.43,101.013,0,5,47,0,1,13
101,75.33,79.969,0,10,79,1,0,26
102,-3.645,107.327,1,3,47,1,0,13
103,80.19,84.178,0,9,81,0,0,26
104,-4.86,113.64,0,2,46,0,0,12
105,15.795,35.776,1,20,55,0,6,19
106,20.655,39.984,1,19,57,1,5,20
107,14.58,42.089,0,19,54,1,5,19
108,25.515,44.193,1,18,59,0,5,20
109,13.365,48.402,1,17,54,0,5,18
110,30.375,48.402,1,17,61,1,4,21
111,12.15,54.715,0,16,53,1,4,18
112,35.235,52.611,1,16,63,0,4,21
113,10.935,61.029,1,14,53,0,4,17
114,40.095,56.82,1,15,65,1,3,22
115,9.72,67.342,0,13,52,1,3,17
116,44.955,61.029,1,14,67,0,3,22
117,8.505,73.655,1,11,52,0,3,16
118,49.815,65.238,1,13,69,1,2,23
119,7.29,79.969,0,10,51,1,2,16
120,54.675,69.447,1,12,71,0,2,23
121,6.075,86.282,1,8,51,0,2,15
122,59.535,73.655,1,11,73,1,1,24
123,4.86,92.595,0,7,50,1,1,15
124,64.395,77.864,1,10,75,0,1,24
125,3.645,98.909,1,5,50,0,1,14
126,69.255,82.073,1,9,77,1,0,25
127,2.43,105.222,0,4,49,1,0,14
128,74.115,86.282,1,8,79,0,0,25
129,1.215,111.535,1,2,49,0,0,13
130,19.44,46.298,0,18,56,0,5,19
131,24.3,50.507,0,17,58,1,4,20
132,18.225,52.611,1,16,56,1,4,19
133,29.16,54.715,0,16,60,0,4,20
134,17.01,58.924,0,15,55,0,4,18
135,34.02,58.924,0,15,62,1,3,21
136,15.795,65.238,1,13,55,1,3,18
137,38.88,63.133,0,14,64,0,3,21
138,14.58,71.551,0,12,54,0,3,17
139,43.74,67.342,0,13,66,1,2,22
140,13.365,77.864,1,10,54,1,2,17
141,48.6,71.551,0,12,68,0,2,22
142,12.15,84.178,0,9,53,0,2,16
143,53.46,75.76,0,11,70,1,1,23
144,10.935,90.491,1,7,53,1,1,16
145,58.32,79.969,0,10,72,0,1,23
146,9.72,96.804,0,6,52,0,1,15
147,63.18,84.178,0,9,74,1,0,24
148,8.505,103.118,1,4,52,1,0,15
149,68.04,88.387,0,8,76,0,0,24
150,7.29,109.431,0,3,51,0,0,14
151,23.085,56.82,1,15,58,0,4,19
152,27.945,61.029,1,14,60,1,3,20
153,21.87,63.133,0,14,57,1,3,19
154,32.805,65.238,1,13,62,0,3,20
155,20.655,69.447,1,12,57,0,3,18
156,37.665,69.447,1,12,64,1,2,21
157,19.44,75.76,0,11,56,1,2,18
158,42.525,73.655,1,11,66,0,2,21
159,18.225,82.073,1,9,56,0,2,17
160,47.385,77.864,1,10,68,1,1,22
161,17.01,88.387,0,8,55,1,1,17
162,52.245,82.073,1,9,70,0,1,22
163,15.795,94.7,1,6,55,0,1,16
164,57.105,86.282,1,8,72,1,0,23
165,14.58,101.013,0,5,54,1,0,16
166,61.965,90.491,1,7,74,0,0,23
167,13.365,107.327,1,3,54,0,0,15
168,26.73,67.342,0,13,59,0,3,19
169,31.59,71.551,0,12,61,1,2,20
170,25.515,73.655,1,11,59,1,2,19
171,36.45,75.76,0,11,63,0,2,20
172,24.3,79.969,0,10,58,0,2,18
173,41.31,79.969,0,10,65,1,1,21
174,23.085,86.282,1,8,58,1,1,18
175,46.17,84.178,0,9,67,0,1,21
176,21.87,92.595,0,7,57,0,1,17
177,51.03,88.387,0,8,69,1,0,22
178,20.655,98.909,1,5,57,1,0,17
179,55.89,92.595,0,7,71,0,0,22
180,19.44,105.222,0,4,56,0,0,16
181,30.375,77.864,1,10,61,0,2,19
182,35.235,82.073,1,9,63,1,1,20
183,29.16,84.178,0,9,60,1,1,19
184,40.095,86.282,1,8,65,0,1,20
185,27.945,90.491,1,7,60,0,1,18
186,44.955,90.491,1,7,67,1,0,21
187,26.73,96.804,0,6,59,1,0,18
188,49.815,94.7,1,6,69,0,0,21
189,25.515,103.118,1,4,59,0,0,17
190,34.02,88.387,0,8,62,0,1,19
191,38.88,92.595,0,7,64,1,0,20
192,32.805,94.7,1,6,62,1,0,19
193,43.74,96.804,0,6,66,0,0,20
194,31.59,101.013,0,5,61,0,0,18
195,37.665,98.909,1,5,64,0,0,19
196,-2.43,12.627,0,26,47,1,8,18
197,-7.29,8.418,0,27,45,0,9,17
198,-3.645,18.94,1,24,47,0,8,17
199,-13.365,10.522,1,26,43,0,9,16
200,-4.86,25.253,0,23,46,1,7,17
201,-19.44,12.627,0,26,40,0,9,15
202,-6.075,31.567,1,21,46,0,7,16
203,-25.515,14.731,1,25,38,0,9,14
204,-7.29,37.88,0,20,45,1,6,16
205,-31.59,16.836,0,25,35,0,9,13
206,-8.505,44.193,1,18,45,0,6,15
207,-37.665,18.94,1,24,33,0,9,12
208,-9.72,50.507,0,17,44,1,5,15
209,-43.74,21.044,0,24,30,0,9,11
210,-10.935,56.82,1,15,44,0,5,14
211,-49.815,23.149,1,23,28,0,9,10
212,-12.15,63.133,0,14,43,1,4,14
213,-55.89,25.253,0,23,25,0,9,9
214,-13.365,69.447,1,12,43,0,4,13
215,-61.965,27.358,1,22,23,0,9,8
216,-14.58,75.76,0,11,42,1,3,13
217,-68.04,29.462,0,22,20,0,9,7
218,-15.795,82.073,1,9,42,0,3,12
219,-74.115,31.567,1,21,18,0,9,6
220,-17.01,88.387,0,8,41,1,2,12
221,-80.19,33.671,0,21,15,0,9,5
222,-18.225,94.7,1,6,41,0,2,11
223,-86.265,35.776,1,20,13,0,9,4
224,-19.44,101.013,0,5,40,1,1,11
225,-92.34,37.88,0,20,10,0,9,3
226,-20.655,107.327,1,3,40,0,1,10
227,-98.415,39.984,1,19,8,0,9,2
228,-21.87,113.64,0,2,39,1,0,10
229,-104.49,42.089,0,19,5,0,9,1
230,-23.085,119.953,1,0,39,0,0,9
231,-110.565,44.193,1,18,3,0,9,0
232,-8.505,14.731,1,25,45,1,8,17
233,-9.72,21.044,0,24,44,0,8,16
234,-14.58,16.836,0,25,42,1,8,16
235,-10.935,27.358,1,22,44,1,7,16
236,-20.655,18.94,1,24,40,1,8,15
237,-12.15,33.671,0,21,43,0,7,15
238,-26.73,21.044,0,24,37,1,8,14
239,-13.365,39.984,1,19,43,1,6,15
240,-32.805,23.149,1,23,35,1,8,13
241,-14.58,46.298,0,18,42,0,6,14
242,-38.88,25.253,0,23,32,1,8,12
243,-15.795,52.611,1,16,42,1,5,14
244,-44.955,27.358,1,22,30,1,8,11
245,-17.01,58.924,0,15,41,0,5,13
246,-51.03,29.462,0,22,27,1,8,10
247,-18.225,65.238,1,13,41,1,4,13
248,-57.105,31.567,1,21,25,1,8,9
249,-19.44,71.551,0,12,40,0,4,12
250,-63.18,33.671,0,21,22,1,8,8
251,-20.655,77.864,1,10,40,1,3,12
252,-69.255,35.776,1,20,20,1,8,7
253,-21.87,84.178,0,9,39,0,3,11
254,-75.33,37.88,0,20,17,1,8,6
255,-23.085,90.491,1,7,39,1,2,11
256,-81.405,39.984,1,19,15,1,8,5
257,-24.3,96.804,0,6,38,0,2,10
258,-87.48,42.089,0,19,12,1,8,4
259,-25.515,103.118,1,4,38,1,1,10
260,-93.555,44.193,1,18,10,1,8,3
261,-26.73,109.431,0,3,37,0,1,9
262,-99.63,46.298,0,18,7,1,8,2
263,-27.945,115.744,1,1,37,1,0,9
264,-105.705,48.402,1,17,5,1,8,1
265,-15.795,23.149,1,23,42,0,8,15
266,-17.01,29.462,0,22,41,1,7,15
267,-21.87,25.253,0,23,39,0,8,14
268,-18.225,35.776,1,20,41,0,7,14
269,-27.945,27.358,1,22,37,0,8,13
270,-19.44,42.089,0,19,40,1,6,14
271,-34.02,29.462,0,22,34,0,8,12
272,-20.655,48.402,1,17,40,0,6,13
273,-40.095,31.567,1,21,32,0,8,11
274,-21.87,54.715,0,16,39,1,5,13
275,-46.17,33.671,0,21,29,0,8,10
276,-23.085,61.029,1,14,39,0,5,12
277,-52.245,35.776,1,20,27,0,8,9
278,-24.3,67.342,0,13,38,1,4,12
279,-58.32,37.88,0,20,24,0,8,8
280,-25.515,73.655,1,11,38,0,4,11
281,-64.395,39.984,1,19,22,0,8,7
282,-26.73,79.969,0,10,37,1,3,11
283,-70.47,42.089,0,19,19,0,8,6
284,-27.945,86.282,1,8,37,0,3,10
285,-76.545,44.193,1,18,17,0,8,5
286,-29.16,92.595,0,7,36,1,2,10
287,-82.62,46.298,0,18,14,0,8,4
288,-30.375,98.909,1,5,36,0,2,9
289,-88.695,48.402,1,17,12,0,8,3
290,-31.59,105.222,0,4,35,1,1,9
291,-94.77,50.507,0,17,9,0,8,2
292,-32.805,111.535,1,2,35,0,1,8
293,-100.845,52.611,1,16,7,0,8,1
294,-23.085,31.567,1,21,39,1,7,14
295,-24.3,37.88,0,20,38,0,7,13
296,-29.16,33.671,0,21,36,1,7,13
297,-25.515,44.193,1,18,38,1,6,13
298,-35.235,35.776,1,20,34,1,7,12
299,-26.73,50.507,0,17,37,0,6,12
300,-41.31,37.88,0,20,31,1,7,11
301,-27.945,56.82,1,15,37,1,5,12
302,-47.385,39.984,1,19,29,1,7,10
303,-29.16,63.133,0,14,36,0,5,11
304,-53.46,42.089,0,19,26,1,7,9
305,-30.375,69.447,1,12,36,1,4,11
306,-59.535,44.193,1,18,24,1,7,8
307,-31.59,75.76,0,11,35,0,4,10
308,-65.61,46.298,0,18,21,1,7,7
309,-32.805,82.073,1,9,35,1,3,10
310,-71.685,48.402,1,17,19,1,7,6
311,-34.02,88.387,0,8,34,0,3,9
312,-77.76,50.507,0,17,16,1,7,5
313,-35.235,94.7,1,6,34,1,2,9
314,-83.835,52.611,1,16,14,1,7,4
315,-36.45,101.013,0,5,33,0,2,8
316,-89.91,54.715,0,16,11,1,7,3
317,-37.665,107.327,1,3,33,1,1,8
318,-95.985,56.82,1,15,9,1,7,2
319,-30.375,39.984,1,19,36,0,7,12
320,-31.59,46.298,0,18,35,1,6,12
321,-36.45,42.089,0,19,33,0,7,11
322,-32.805,52.611,1,16,35,0,6,11
323,-42.525,44.193,1,18,31,0,7,10
324,-34.02,58.924,0,15,34,1,5,11
325,-48.6,46.298,0,18,28,0,7,9
326,-35.235,65.238,1,13,34,0,5,10
327,-54.675,48.402,1,17,26,0,7,8
328,-36.45,71.551,0,12,33,1,4,10
329,-60.75,50.507,0,17,23,0,7,7
330,-37.665,77.864,1,10,33,0,4,9
331,-66.825,52.611,1,16,21,0,7,6
332,-38.88,84.178,0,9,32,1,3,9
333,-72.9,54.715,0,16,18,0,7,5
334,-40.095,90.491,1,7,32,0,3,8
335,-78.975,56.82,1,15,16,0,7,4
336,-41.31,96.804,0,6,31,1,2,8
337,-85.05,58.924,0,15,13,0,7,3
338,-42.525,103.118,1,4,31,0,2,7
339,-91.125,61.029,1,14,11,0,7,2
340,-37.665,48.402,1,17,33,1,6,11
341,-38.88,54.715,0,16,32,0,6,10
342,-43.74,50.507,0,17,30,1,6,10
343,-40.095,61.029,1,14,32,1,5,10
344,-49.815,52.611,1,16,28,1,6,9
345,-41.31,67.342,0,13,31,0,5,9
346,-55.89,54.715,0,16,25,1,6,8
347,-42.525,73.655,1,11,31,1,4,9
348,-61.965,56.82,1,15,23,1,6,7
349,-43.74,79.969,0,10,30,0,4,8
350,-68.04,58.924,0,15,20,1,6,6
351,-44.955,86.282,1,8,30,1,3,8
352,-74.115,61.029,1,14,18,1,6,5
353,-46.17,92.595,0,7,29,0,3,7
354,-80.19,63.133,0,14,15,1,6,4
355,-47.385,98.909,1,5,29,1,2,7
356,-86.265,65.238,1,13,13,1,6,3
357,-44.955,56.82,1,15,30,0,6,9
358,-46.17,63.133,0,14,29,1,5,9
359,-51.03,58.924,0,15,27,0,6,8
360,-47.385,69.447,1,12,29,0,5,8
361,-57.105,61.029,1,14,25,0,6,7
362,-48.6,75.76,0,11,28,1,4,8
363,-63.18,63.133,0,14,22,0,6,6
364,-49.815,82.073,1,9,28,0,4,7
365,-69.255,65.238,1,13,20,0,6,5
366,-51.03,88.387,0,8,27,1,3,7
367,-75.33,67.342,0,13,17,0,6,4
368,-52.245,94.7,1,6,27,0,3,6
369,-81.405,69.447,1,12,15,0,6,3
370,-52.245,65.238,1,13,27,1,5,8
371,-53.46,71.551,0,12,26,0,5,7
372,-58.32,67.342,0,13,24,1,5,7
373,-54.675,77.864,1,10,26,1,4,7
374,-64.395,69.447,1,12,22,1,5,6
375,-55.89,84.178,0,9,25,0,4,6
376,-70.47,71.551,0,12,19,1,5,5
377,-57.105,90.491,1,7,25,1,3,6
378,-76.545,73.655,1,11,17,1,5,4
379,-59.535,73.655,1,11,24,0,5,6
380,-60.75,79.969,0,10,23,1,4,6
381,-65.61,75.76,0,11,21,0,5,5
382,-61.965,86.282,1,8,23,0,4,5
383,-71.685,77.864,1,10,19,0,5,4
384,-66.825,82.073,1,9,21,1,4,5
385,-12.15,4.209,0,28,43,1,9,17
386,-10.935,-2.104,1,29,44,0,10,17
387,-18.225,6.313,1,27,41,1,9,16
388,-15.795,-6.313,1,30,42,1,10,17
389,-24.3,8.418,0,27,38,1,9,15
390,-20.655,-10.522,1,31,40,0,11,16
391,-30.375,10.522,1,26,36,1,9,14
392,-25.515,-14.731,1,32,38,1,11,16
393,-36.45,12.627,0,26,33,1,9,13
394,-30.375,-18.94,1,33,36,0,12,15
395,-42.525,14.731,1,25,31,1,9,12
396,-35.235,-23.149,1,34,34,1,12,15
397,-48.6,16.836,0,25,28,1,9,11
398,-40.095,-27.358,1,35,32,0,13,14
399,-54.675,18.94,1,24,26,1,9,10
400,-44.955,-31.567,1,36,30,1,13,14
401,-60.75,21.044,0,24,23,1,9,9
402,-49.815,-35.776,1,37,28,0,14,13
403,-66.825,23.149,1,23,21,1,9,8
404,-54.675,-39.984,1,38,26,1,14,13
405,-72.9,25.253,0,23,18,1,9,7
406,-59.535,-44.193,1,39,24,0,15,12
407,-78.975,27.358,1,22,16,1,9,6
408,-64.395,-48.402,1,40,22,1,15,12
409,-85.05,29.462,0,22,13,1,9,5
410,-69.255,-52.611,1,41,20,0,16,11
411,-91.125,31.567,1,21,11,1,9,4
412,-74.115,-56.82,1,42,18,1,16,11
413,-97.2,33.671,0,21,8,1,9,3
414,-78.975,-61.029,1,43,16,0,17,10
415,-103.275,35.776,1,20,6,1,9,2
416,-83.835,-65.238,1,44,14,1,17,10
417,-109.35,37.88,0,20,3,1,9,1
418,-88.695,-69.447,1,45,12,0,18,9
419,-115.425,39.984,1,19,1,1,9,0
420,-93.555,-73.655,1,46,10,1,18,9
421,-17.01,0.0,0,29,41,0,10,16
422,-23.085,2.104,1,28,39,0,10,15
423,-21.87,-4.209,0,30,39,1,10,16
424,-29.16,4.209,0,28,36,0,10,14
425,-26.73,-8.418,0,31,37,0,11,15
426,-35.235,6.313,1,27,34,0,10,13
427,-31.59,-12.627,0,32,35,1,11,15
428,-41.31,8.418,0,27,31,0,10,12
429,-36.45,-16.836,0,33,33,0,12,14
430,-47.385,10.522,1,26,29,0,10,11
431,-41.31,-21.044,0,34,31,1,12,14
432,-53.46,12.627,0,26,26,0,10,10
433,-46.17,-25.253,0,35,29,0,13,13
434,-59.535,14.731,1,25,24,0,10,9
435,-51.03,-29.462,0,36,27,1,13,13
436,-65.61,16.836,0,25,21,0,10,8
437,-55.89,-33.671,0,37,25,0,14,12
438,-71.685,18.94,1,24,19,0,10,7
439,-60.75,-37.88,0,38,23,1,14,12
440,-77.76,21.044,0,24,16,0,10,6
441,-65.61,-42.089,0,39,21,0,15,11
442,-83.835,23.149,1,23,14,0,10,5
443,-70.47,-46.298,0,40,19,1,15,11
444,-89.91,25.253,0,23,11,0,10,4
445,-75.33,-50.507,0,41,17,0,16,10
446,-95.985,27.358,1,22,9,0,10,3
447,-80.19,-54.715,0,42,15,1,16,10
448,-102.06,29.462,0,22,6,0,10,2
449,-85.05,-58.924,0,43,13,0,17,9
450,-108.135,31.567,1,21,4,0,10,1
451,-89.91,-63.133,0,44,11,1,17,9
452,-114.21,33.671,0,21,1,0,10,0
453,-94.77,-67.342,0,45,9,0,18,8
454,-27.945,-2.104,1,29,37,1,10,15
455,-34.02,0.0,0,29,34,1,10,14
456,-32.805,-6.313,1,30,35,0,11,14
457,-40.095,2.104,1,28,32,1,10,13
458,-37.665,-10.522,1,31,33,1,11,14
459,-46.17,4.209,0,28,29,1,10,12
460,-42.525,-14.731,1,32,31,0,12,13
461,-52.245,6.313,1,27,27,1,10,11
462,-47.385,-18.94,1,33,29,1,12,13
463,-58.32,8.418,0,27,24,1,10,10
464,-52.245,-23.149,1,34,27,0,13,12
465,-64.395,10.522,1,26,22,1,10,9
466,-57.105,-27.358,1,35,25,1,13,12
467,-70.47,12.627,0,26,19,1,10,8
468,-61.965,-31.567,1,36,23,0,14,11
469,-76.545,14.731,1,25,17,1,10,7
470,-66.825,-35.776,1,37,21,1,14,11
471,-82.62,16.836,0,25,14,1,10,6
472,-71.685,-39.984,1,38,19,0,15,10
473,-88.695,18.94,1,24,12,1,10,5
474,-76.545,-44.193,1,39,17,1,15,10
475,-94.77,21.044,0,24,9,1,10,4
476,-81.405,-48.402,1,40,15,0,16,9
477,-100.845,23.149,1,23,7,1,10,3
478,-86.265,-52.611,1,41,13,1,16,9
479,-106.92,25.253,0,23,4,1,10,2
480,-91.125,-56.82,1,42,11,0,17,8
481,-112.995,27.358,1,22,2,1,10,1
482,-95.985,-61.029,1,43,9,1,17,8
483,-38.88,-4.209,0,30,32,0,11,13
484,-44.955,-2.104,1,29,30,0,11,12
485,-43.74,-8.418,0,31,30,1,11,13
486,-51.03,0.0,0,29,27,0,11,11
487,-48.6,-12.627,0,32,28,0,12,12
488,-57.105,2.104,1,28,25,0,11,10
489,-53.46,-16.836,0,33,26,1,12,12
490,-63.18,4.209,0,28,22,0,11,9
491,-58.32,-21.044,0,34,24,0,13,11
492,-69.255,6.313,1,27,20,0,11,8
493,-63.18,-25.253,0,35,22,1,13,11
494,-75.33,8.418,0,27,17,0,11,7
495,-68.04,-29.462,0,36,20,0,14,10
496,-81.405,10.522,1,26,15,0,11,6
497,-72.9,-33.671,0,37,18,1,14,10
498,-87.48,12.627,0,26,12,0,11,5
499,-77.76,-37.88,0,38,16,0,15,9
500,-93.555,14.731,1,25,10,0,11,4
501,-82.62,-42.089,0,39,14,1,15,9
502,-99.63,16.836,0,25,7,0,11,3
503,-87.48,-46.298,0,40,12,0,16,8
504,-105.705,18.94,1,24,5,0,11,2
505,-92.34,-50.507,0,41,10,1,16,8
506,-111.78,21.044,0,24,2,0,11,1
507,-97.2,-54.715,0,42,8,0,17,7
508,-49.815,-6.313,1,30,28,1,11,12
509,-55.89,-4.209,0,30,25,1,11,11
510,-54.675,-10.522,1,31,26,0,12,11
511,-61.965,-2.104,1,29,23,1,11,10
512,-59.535,-14.731,1,32,24,1,12,11
513,-68.04,0.0,0,29,20,1,11,9
514,-64.395,-18.94,1,33,22,0,13,10
515,-74.115,2.104,1,28,18,1,11,8
516,-69.255,-23.149,1,34,20,1,13,10
517,-80.19,4.209,0,28,15,1,11,7
518,-74.115,-27.358,1,35,18,0,14,9
519,-86.265,6.313,1,27,13,1,11,6
520,-78.975,-31.567,1,36,16,1,14,9
521,-92.34,8.418,0,27,10,1,11,5
522,-83.835,-35.776,1,37,14,0,15,8
523,-98.415,10.522,1,26,8,1,11,4
524,-88.695,-39.984,1,38,12,1,15,8
525,-104.49,12.627,0,26,5,1,11,3
526,-93.555,-44.193,1,39,10,0,16,7
527,-110.565,14.731,1,25,3,1,11,2
528,-98.415,-48.402,1,40,8,1,16,7
529,-60.75,-8.418,0,31,23,0,12,10
530,-66.825,-6.313,1,30,21,0,12,9
531,-65.61,-12.627,0,32,21,1,12,10
532,-72.9,-4.209,0,30,18,0,12,8
533,-70.47,-16.836,0,33,19,0,13,9
534,-78.975,-2.104,1,29,16,0,12,7
535,-75.33,-21.044,0,34,17,1,13,9
536,-85.05,-0.0,0,29,13,0,12,6
537,-80.19,-25.253,0,35,15,0,14,8
538,-91.125,2.104,1,28,11,0,12,5
539,-85.05,-29.462,0,36,13,1,14,8
540,-97.2,4.209,0,28,8,0,12,4
541,-89.91,-33.671,0,37,11,0,15,7
542,-103.275,6.313,1,27,6,0,12,3
543,-94.77,-37.88,0,38,9,1,15,7
544,-109.35,8.418,0,27,3,0,12,2
545,-99.63,-42.089,0,39,7,0,16,6
546,-71.685,-10.522,1,31,19,1,12,9
547,-77.76,-8.418,0,31,16,1,12,8
548,-76.545,-14.731,1,32,17,0,13,8
549,-83.835,-6.313,1,30,14,1,12,7
550,-81.405,-18.94,1,33,15,1,13,8
551,-89.91,-4.209,0,30,11,1,12,6
552,-86.265,-23.149,1,34,13,0,14,7
553,-95.985,-2.104,1,29,9,1,12,5
554,-91.125,-27.358,1,35,11,1,14,7
555,-102.06,0.0,0,29,6,1,12,4
556,-95.985,-31.567,1,36,9,0,15,6
557,-108.135,2.104,1,28,4,1,12,3
558,-100.845,-35.776,1,37,7,1,15,6
559,-82.62,-12.627,0,32,14,0,13,7
560,-88.695,-10.522,1,31,12,0,13,6
561,-87.48,-16.836,0,33,12,1,13,7
562,-94.77,-8.418,0,31,9,0,13,5
563,-92.34,-21.044,0,34,10,0,14,6
564,-100.845,-6.313,1,30,7,0,13,4
565,-97.2,-25.253,0,35,8,1,14,6
566,-106.92,-4.209,0,30,4,0,13,3
567,-102.06,-29.462,0,36,6,0,15,5
568,-93.555,-14.731,1,32,10,1,13,6
569,-99.63,-12.627,0,32,7,1,13,5
570,-98.415,-18.94,1,33,8,0,14,5
571,-105.705,-10.522,1,31,5,1,13,4
572,-103.275,-23.149,1,34,6,1,14,5
573,-104.49,-16.836,0,33,5,0,14,4
574,-9.72,-8.418,0,31,44,1,10,18
575,-3.645,-10.522,1,31,47,1,10,19
576,-14.58,-12.627,0,32,42,0,11,17
577,-2.43,-16.836,0,33,47,0,11,19
578,-19.44,-16.836,0,33,40,1,11,17
579,-1.215,-23.149,1,34,48,1,11,20
580,-24.3,-21.044,0,34,38,0,12,16
581,-0.0,-29.462,0,36,48,0,12,20
582,-29.16,-25.253,0,35,36,1,12,16
583,1.215,-35.776,1,37,49,1,12,21
584,-34.02,-29.462,0,36,34,0,13,15
585,2.43,-42.089,0,39,49,0,13,21
586,-38.88,-33.671,0,37,32,1,13,15
587,3.645,-48.402,1,40,50,1,13,22
588,-43.74,-37.88,0,38,30,0,14,14
589,4.86,-54.715,0,42,50,0,14,22
590,-48.6,-42.089,0,39,28,1,14,14
591,6.075,-61.029,1,43,51,1,14,23
592,-53.46,-46.298,0,40,26,0,15,13
593,7.29,-67.342,0,45,51,0,15,23
594,-58.32,-50.507,0,41,24,1,15,13
595,8.505,-73.655,1,46,52,1,15,24
596,-63.18,-54.715,0,42,22,0,16,12
597,9.72,-79.969,0,48,52,0,16,24
598,-68.04,-58.924,0,43,20,1,16,12
599,10.935,-86.282,1,49,53,1,16,25
600,-72.9,-63.133,0,44,18,0,17,11
601,12.15,-92.595,0,51,53,0,17,25
602,-77.76,-67.342,0,45,16,1,17,11
603,13.365,-98.909,1,52,54,1,17,26
604,-82.62,-71.551,0,46,14,0,18,10
605,14.58,-105.222,0,54,54,0,18,26
606,-87.48,-75.76,0,47,12,1,18,10
607,15.795,-111.535,1,55,55,1,18,27
608,-92.34,-79.969,0,48,10,0,19,9
609,17.01,-117.849,0,57,55,0,19,27
610,-8.505,-14.731,1,32,45,0,11,18
611,-13.365,-18.94,1,33,43,1,11,18
612,-7.29,-21.044,0,34,45,1,11,19
613,-18.225,-23.149,1,34,41,0,12,17
614,-6.075,-27.358,1,35,46,0,12,19
615,-23.085,-27.358,1,35,39,1,12,17
616,-4.86,-33.671,0,37,46,1,12,20
617,-27.945,-31.567,1,36,37,0,13,16
618,-3.645,-39.984,1,38,47,0,13,20
619,-32.805,-35.776,1,37,35,1,13,16
620,-2.43,-46.298,0,40,47,1,13,21
621,-37.665,-39.984,1,38,33,0,14,15
622,-1.215,-52.611,1,41,48,0,14,21
623,-42.525,-44.193,1,39,31,1,14,15
624,-0.0,-58.924,0,43,48,1,14,22
625,-47.385,-48.402,1,40,29,0,15,14
626,1.215,-65.238,1,44,49,0,15,22
627,-52.245,-52.611,1,41,27,1,15,14
628,2.43,-71.551,0,46,49,1,15,23
629,-57.105,-56.82,1,42,25,0,16,13
630,3.645,-77.864,1,47,50,0,16,23
631,-61.965,-61.029,1,43,23,1,16,13
632,4.86,-84.178,0,49,50,1,16,24
633,-66.825,-65.238,1,44,21,0,17,12
634,6.075,-90.491,1,50,51,0,17,24
635,-71.685,-69.447,1,45,19,1,17,12
636,7.29,-96.804,0,52,51,1,17,25
637,-76.545,-73.655,1,46,17,0,18,11
638,8.505,-103.118,1,53,52,0,18,25
639,-81.405,-77.864,1,47,15,1,18,11
640,9.72,-109.431,0,55,52,1,18,26
641,-86.265,-82.073,1,48,13,0,19,10
642,10.935,-115.744,1,56,53,0,19,26
643,-12.15,-25.253,0,35,43,0,12,18
644,-17.01,-29.462,0,36,41,1,12,18
645,-10.935,-31.567,1,36,44,1,12,19
646,-21.87,-33.671,0,37,39,0,13,17
647,-9.72,-37.88,0,38,44,0,13,19
648,-26.73,-37.88,0,38,37,1,13,17
649,-8.505,-44.193,1,39,45,1,13,20
650,-31.59,-42.089,0,39,35,0,14,16
651,-7.29,-50.507,0,41,45,0,14,20
652,-36.45,-46.298,0,40,33,1,14,16
653,-6.075,-56.82,1,42,46,1,14,21
654,-41.31,-50.507,0,41,31,0,15,15
655,-4.86,-63.133,0,44,46,0,15,21
656,-46.17,-54.715,0,42,29,1,15,15
657,-3.645,-69.447,1,45,47,1,15,22
658,-51.03,-58.924,0,43,27,0,16,14
659,-2.43,-75.76,0,47,47,0,16,22
660,-55.89,-63.133,0,44,25,1,16,14
661,-1.215,-82.073,1,48,48,1,16,23
662,-60.75,-67.342,0,45,23,0,17,13
663,0.0,-88.387,0,50,48,0,17,23
664,-65.61,-71.551,0,46,21,1,17,13
665,1.215,-94.7,1,51,49,1,17,24
666,-70.47,-75.76,0,47,19,0,18,12
667,2.43,-101.013,0,53,49,0,18,24
668,-75.33,-79.969,0,48,17,1,18,12
669,3.645,-107.327,1,54,50,1,18,25
670,-80.19,-84.178,0,49,15,0,19,11
671,4.86,-113.64,0,56,50,0,19,25
672,-15.795,-35.776,1,37,42,0,13,18
673,-20.655,-39.984,1,38,40,1,13,18
674,-14.58,-42.089,0,39,42,1,13,19
675,-25.515,-44.193,1,39,38,0,14,17
676,-13.365,-48.402,1,40,43,0,14,19
677,-30.375,-48.402,1,40,36,1,14,17
678,-12.15,-54.715,0,42,43,1,14,20
679,-35.235,-52.611,1,41,34,0,15,16
680,-10.935,-61.029,1,43,44,0,15,20
681,-40.095,-56.82,1,42,32,1,15,16
682,-9.72,-67.342,0,45,44,1,15,21
683,-44.955,-61.029,1,43,30,0,16,15
684,-8.505,-73.655,1,46,45,0,16,21
685,-49.815,-65.238,1,44,28,1,16,15
686,-7.29,-79.969,0,48,45,1,16,22
687,-54.675,-69.447,1,45,26,0,17,14
688,-6.075,-86.282,1,49,46,0,17,22
689,-59.535,-73.655,1,46,24,1,17,14
690,-4.86,-92.595,0,51,46,1,17,23
691,-64.395,-77.864,1,47,22,0,18,13
692,-3.645,-98.909,1,52,47,0,18,23
693,-69.255,-82.073,1,48,20,1,18,13
694,-2.43,-105.222,0,54,47,1,18,24
695,-74.115,-86.282,1,49,18,0,19,12
696,-1.215,-111.535,1,55,48,0,19,24
697,-19.44,-46.298,0,40,40,0,14,18
698,-24.3,-50.507,0,41,38,1,14,18
699,-18.225,-52.611,1,41,41,1,14,19
700,-29.16,-54.715,0,42,36,0,15,17
701,-17.01,-58.924,0,43,41,0,15,19
702,-34.02,-58.924,0,43,34,1,15,17
703,-15.795,-65.238,1,44,42,1,15,20
704,-38.88,-63.133,0,44,32,0,16,16
705,-14.58,-71.551,0,46,42,0,16,20
706,-43.74,-67.342,0,45,30,1,16,16
707,-13.365,-77.864,1,47,43,1,16,21
708,-48.6,-71.551,0,46,28,0,17,15
709,-12.15,-84.178,0,49,43,0,17,21
710,-53.46,-75.76,0,47,26,1,17,15
711,-10.935,-90.491,1,50,44,1,17,22
712,-58.32,-79.969,0,48,24,0,18,14
713,-9.72,-96.804,0,52,44,0,18,22
714,-63.18,-84.178,0,49,22,1,18,14
715,-8.505,-103.118,1,53,45,1,18,23
716,-68.04,-88.387,0,50,20,0,19,13
717,-7.29,-109.431,0,55,45,0,19,23
718,-23.085,-56.82,1,42,39,0,15,18
719,-27.945,-61.029,1,43,37,1,15,18
720,-21.87,-63.133,0,44,39,1,15,19
721,-32.805,-65.238,1,44,35,0,16,17
722,-20.655,-69.447,1,45,40,0,16,19
723,-37.665,-69.447,1,45,33,1,16,17
724,-19.44,-75.76,0,47,40,1,16,20
725,-42.525,-73.655,1,46,31,0,17,16
726,-18.225,-82.073,1,48,41,0,17,20
727,-47.385,-77.864,1,47,29,1,17,16
728,-17.01,-88.387,0,50,41,1,17,21
729,-52.245,-82.073,1,48,27,0,18,15
730,-15.795,-94.7,1,51,42,0,18,21
731,-57.105,-86.282,1,49,25,1,18,15
732,-14.58,-101.013,0,53,42,1,18,22
733,-61.965,-90.491,1,50,23,0,19,14
734,-13.365,-107.327,1,54,43,0,19,22
735,-26.73,-67.342,0,45,37,0,16,18
736,-31.59,-71.551,0,46,35,1,16,18
737,-25.515,-73.655,1,46,38,1,16,19
738,-36.45,-75.76,0,47,33,0,17,17
739,-24.3,-79.969,0,48,38,0,17,19
740,-41.31,-79.969,0,48,31,1,17,17
741,-23.085,-86.282,1,49,39,1,17,20
742,-46.17,-84.178,0,49,29,0,18,16
743,-21.87,-92.595,0,51,39,0,18,20
744,-51.03,-88.387,0,50,27,1,18,16
745,-20.655,-98.909,1,52,40,1,18,21
746,-55.89,-92.595,0,51,25,0,19,15
747,-19.44,-105.222,0,54,40,0,19,21
748,-30.375,-77.864,1,47,36,0,17,18
749,-35.235,-82.073,1,48,34,1,17,18
750,-29.16,-84.178,0,49,36,1,17,19
751,-40.095,-86.282,1,49,32,0,18,17
752,-27.945,-90.491,1,50,37,0,18,19
753,-44.955,-90.491,1,50,30,1,18,17
754,-26.73,-96.804,0,52,37,1,18,20
755,-49.815,-94.7,1,51,28,0,19,16
756,-25.515,-103.118,1,53,38,0,19,20
757,-34.02,-88.387,0,50,34,0,18,18
758,-38.88,-92.595,0,51,32,1,18,18
759,-32.805,-94.7,1,51,35,1,18,19
760,-43.74,-96.804,0,52,30,0,19,17
761,-31.59,-101.013,0,53,35,0,19,19
762,-37.665,-98.909,1,52,33,0,19,18
763,2.43,-12.627,0,32,49,1,10,20
764,7.29,-8.418,0,31,51,0,10,20
765,3.645,-18.94,1,33,50,0,11,20
766,13.365,-10.522,1,31,54,0,10,21
767,4.86,-25.253,0,35,50,1,11,21
768,19.44,-12.627,0,32,56,0,10,22
769,6.075,-31.567,1,36,51,0,12,21
770,25.515,-14.731,1,32,59,0,10,23
771,7.29,-37.88,0,38,51,1,12,22
772,31.59,-16.836,0,33,61,0,10,24
773,8.505,-44.193,1,39,52,0,13,22
774,37.665,-18.94,1,33,64,0,10,25
775,9.72,-50.507,0,41,52,1,13,23
776,43.74,-21.044,0,34,66,0,10,26
777,10.935,-56.82,1,42,53,0,14,23
778,49.815,-23.149,1,34,69,0,10,27
779,12.15,-63.133,0,44,53,1,14,24
780,55.89,-25.253,0,35,71,0,10,28
781,13.365,-69.447,1,45,54,0,15,24
782,61.965,-27.358,1,35,74,0,10,29
783,14.58,-75.76,0,47,54,1,15,25
784,68.04,-29.462,0,36,76,0,10,30
785,15.795,-82.073,1,48,55,0,16,25
786,74.115,-31.567,1,36,79,0,10,31
787,17.01,-88.387,0,50,55,1,16,26
788,80.19,-33.671,0,37,81,0,10,32
789,18.225,-94.7,1,51,56,0,17,26
790,86.265,-35.776,1,37,84,0,10,33
791,19.44,-101.013,0,53,56,1,17,27
792,92.34,-37.88,0,38,86,0,10,34
793,20.655,-107.327,1,54,57,0,18,27
794,98.415,-39.984,1,38,89,0,10,35
795,21.87,-113.64,0,56,57,1,18,28
796,104.49,-42.089,0,39,91,0,10,36
797,23.085,-119.953,1,57,58,0,19,28
798,110.565,-44.193,1,39,94,0,10,37
799,8.505,-14.731,1,32,52,1,10,21
800,9.72,-21.044,0,34,52,0,11,21
801,14.58,-16.836,0,33,54,1,10,22
802,10.935,-27.358,1,35,53,1,11,22
803,20.655,-18.94,1,33,57,1,10,23
804,12.15,-33.671,0,37,53,0,12,22
805,26.73,-21.044,0,34,59,1,10,24
806,13.365,-39.984,1,38,54,1,12,23
807,32.805,-23.149,1,34,62,1,10,25
808,14.58,-46.298,0,40,54,0,13,23
809,38.88,-25.253,0,35,64,1,10,26
810,15.795,-52.611,1,41,55,1,13,24
811,44.955,-27.358,1,35,67,1,10,27
812,17.01,-58.924,0,43,55,0,14,24
813,51.03,-29.462,0,36,69,1,10,28
814,18.225,-65.238,1,44,56,1,14,25
815,57.105,-31.567,1,36,72,1,10,29
816,19.44,-71.551,0,46,56,0,15,25
817,63.18,-33.671,0,37,74,1,10,30
818,20.655,-77.864,1,47,57,1,15,26
819,69.255,-35.776,1,37,77,1,10,31
820,21.87,-84.178,0,49,57,0,16,26
821,75.33,-37.88,0,38,79,1,10,32
822,23.085,-90.491,1,50,58,1,16,27
823,81.405,-39.984,1,38,82,1,10,33
824,24.3,-96.804,0,52,58,0,17,27
825,87.48,-42.089,0,39,84,1,10,34
826,25.515,-103.118,1,53,59,1,17,28
827,93.555,-44.193,1,39,87,1,10,35
828,26.73,-109.431,0,55,59,0,18,28
829,99.63,-46.298,0,40,89,1,10,36
830,27.945,-115.744,1,56,60,1,18,29
831,105.705,-48.402,1,40,92,1,10,37
832,15.795,-23.149,1,34,55,0,11,22
833,17.01,-29.462,0,36,55,1,11,23
834,21.87,-25.253,0,35,57,0,11,23
835,18.225,-35.776,1,37,56,0,12,23
836,27.945,-27.358,1,35,60,0,11,24
837,19.44,-42.089,0,39,56,1,12,24
838,34.02,-29.462,0,36,62,0,11,25
839,20.655,-48.402,1,40,57,0,13,24
840,40.095,-31.567,1,36,65,0,11,26
841,21.87,-54.715,0,42,57,1,13,25
842,46.17,-33.671,0,37,67,0,11,27
843,23.085,-61.029,1,43,58,0,14,25
844,52.245,-35.776,1,37,70,0,11,28
845,24.3,-67.342,0,45,58,1,14,26
846,58.32,-37.88,0,38,72,0,11,29
847,25.515,-73.655,1,46,59,0,15,26
848,64.395,-39.984,1,38,75,0,11,30
849,26.73,-79.969,0,48,59,1,15,27
850,70.47,-42.089,0,39,77,0,11,31
851,27.945,-86.282,1,49,60,0,16,27
852,76.545,-44.193,1,39,80,0,11,32
853,29.16,-92.595,0,51,60,1,16,28
854,82.62,-46.298,0,40,82,0,11,33
855,30.375,-98.909,1,52,61,0,17,28
856,88.695,-48.402,1,40,85,0,11,34
857,31.59,-105.222,0,54,61,1,17,29
858,94.77,-50.507,0,41,87,0,11,35
859,32.805,-111.535,1,55,62,0,18,29
860,100.845,-52.611,1,41,90,0,11,36
861,23.085,-31.567,1,36,58,1,11,24
862,24.3,-37.88,0,38,58,0,12,24
863,29.16,-33.671,0,37,60,1,11,25
864,25.515,-44.193,1,39,59,1,12,25
865,35.235,-35.776,1,37,63,1,11,26
866,26.73,-50.507,0,41,59,0,13,25
867,41.31,-37.88,0,38,65,1,11,27
868,27.945,-56.82,1,42,60,1,13,26
869,47.385,-39.984,1,38,68,1,11,28
870,29.16,-63.133,0,44,60,0,14,26
871,53.46,-42.089,0,39,70,1,11,29
872,30.375,-69.447,1,45,61,1,14,27
873,59.535,-44.193,1,39,73,1,11,30
874,31.59,-75.76,0,47,61,0,15,27
875,65.61,-46.298,0,40,75,1,11,31
876,32.805,-82.073,1,48,62,1,15,28
877,71.685,-48.402,1,40,78,1,11,32
878,34.02,-88.387,0,50,62,0,16,28
879,77.76,-50.507,0,41,80,1,11,33
880,35.235,-94.7,1,51,63,1,16,29
881,83.835,-52.611,1,41,83,1,11,34
882,36.45,-101.013,0,53,63,0,17,29
883,89.91,-54.715,0,42,85,1,11,35
884,37.665,-107.327,1,54,64,1,17,30
885,95.985,-56.82,1,42,88,1,11,36
886,30.375,-39.984,1,38,61,0,12,25
887,31.59,-46.298,0,40,61,1,12,26
888,36.45,-42.089,0,39,63,0,12,26
889,32.805,-52.611,1,41,62,0,13,26
890,42.525,-44.193,1,39,66,0,12,27
891,34.02,-58.924,0,43,62,1,13,27
892,48.6,-46.298,0,40,68,0,12,28
893,35.235,-65.238,1,44,63,0,14,27
894,54.675,-48.402,1,40,71,0,12,29
895,36.45,-71.551,0,46,63,1,14,28
896,60.75,-50.507,0,41,73,0,12,30
897,37.665,-77.864,1,47,64,0,15,28
898,66.825,-52.611,1,41,76,0,12,31
899,38.88,-84.178,0,49,64,1,15,29
900,72.9,-54.715,0,42,78,0,12,32
901,40.095,-90.491,1,50,65,0,16,29
902,78.975,-56.82,1,42,81,0,12,33
903,41.31,-96.804,0,52,65,1,16,30
904,85.05,-58.924,0,43,83,0,12,34
905,42.525,-103.118,1,53,66,0,17,30
906,91.125,-61.029,1,43,86,0,12,35
907,37.665,-48.402,1,40,64,1,12,27
908,38.88,-54.715,0,42,64,0,13,27
909,43.74,-50.507,0,41,66,1,12,28
910,40.095,-61.029,1,43,65,1,13,28
911,49.815,-52.611,1,41,69,1,12,29
912,41.31,-67.342,0,45,65,0,14,28
913,55.89,-54.715,0,42,71,1,12,30
914,42.525,-73.655,1,46,66,1,14,29
915,61.965,-56.82,1,42,74,1,12,31
916,43.74,-79.969,0,48,66,0,15,29
917,68.04,-58.924,0,43,76,1,12,32
918,44.955,-86.282,1,49,67,1,15,30
919,74.115,-61.029,1,43,79,1,12,33
920,46.17,-92.595,0,51,67,0,16,30
921,80.19,-63.133,0,44,81,1,12,34
922,47.385,-98.909,1,52,68,1,16,31
923,86.265,-65.238,1,44,84,1,12,35
924,44.955,-56.82,1,42,67,0,13,28
925,46.17,-63.133,0,44,67,1,13,29
926,51.03,-58.924,0,43,69,0,13,29
927,47.385,-69.447,1,45,68,0,14,29
928,57.105,-61.029,1,43,72,0,13,30
929,48.6,-75.76,0,47,68,1,14,30
930,63.18,-63.133,0,44,74,0,13,31
931,49.815,-82.073,1,48,69,0,15,30
932,69.255,-65.238,1,44,77,0,13,32
933,51.03,-88.387,0,50,69,1,15,31
934,75.33,-67.342,0,45,79,0,13,33
935,52.245,-94.7,1,51,70,0,16,31
936,81.405,-69.447,1,45,82,0,13,34
937,52.245,-65.238,1,44,70,1,13,30
938,53.46,-71.551,0,46,70,0,14,30
939,58.32,-67.342,0,45,72,1,13,31
940,54.675,-77.864,1,47,71,1,14,31
941,64.395,-69.447,1,45,75,1,13,32
942,55.89,-84.178,0,49,71,0,15,31
943,70.47,-71.551,0,46,77,1,13,33
944,57.105,-90.491,1,50,72,1,15,32
945,76.545,-73.655,1,46,80,1,13,34
946,59.535,-73.655,1,46,73,0,14,31
947,60.75,-79.969,0,48,73,1,14,32
948,65.61,-75.76,0,47,75,0,14,32
949,61.965,-86.282,1,49,74,0,15,32
950,71.685,-77.864,1,47,78,0,14,33
951,66.825,-82.073,1,48,76,1,14,33
952,12.15,-4.209,0,30,53,1,9,21
953,10.935,2.104,1,28,53,0,9,20
954,18.225,-6.313,1,30,56,1,9,22
955,15.795,6.313,1,27,55,1,8,21
956,24.3,-8.418,0,31,58,1,9,23
957,20.655,10.522,1,26,57,0,8,21
958,30.375,-10.522,1,31,61,1,9,24
959,25.515,14.731,1,25,59,1,7,22
960,36.45,-12.627,0,32,63,1,9,25
961,30.375,18.94,1,24,61,0,7,22
962,42.525,-14.731,1,32,66,1,9,26
963,35.235,23.149,1,23,63,1,6,23
964,48.6,-16.836,0,33,68,1,9,27
965,40.095,27.358,1,22,65,0,6,23
966,54.675,-18.94,1,33,71,1,9,28
967,44.955,31.567,1,21,67,1,5,24
968,60.75,-21.044,0,34,73,1,9,29
969,49.815,35.776,1,20,69,0,5,24
970,66.825,-23.149,1,34,76,1,9,30
971,54.675,39.984,1,19,71,1,4,25
972,72.9,-25.253,0,35,78,1,9,31
973,59.535,44.193,1,18,73,0,4,25
974,78.975,-27.358,1,35,81,1,9,32
975,64.395,48.402,1,17,75,1,3,26
976,85.05,-29.462,0,36,83,1,9,33
977,69.255,52.611,1,16,77,0,3,26
978,91.125,-31.567,1,36,86,1,9,34
979,74.115,56.82,1,15,79,1,2,27
980,97.2,-33.671,0,37,88,1,9,35
981,78.975,61.029,1,14,81,0,2,27
982,103.275,-35.776,1,37,91,1,9,36
983,83.835,65.238,1,13,83,1,1,28
984,109.35,-37.88,0,38,93,1,9,37
985,88.695,69.447,1,12,85,0,1,28
986,115.425,-39.984,1,38,96,1,9,38
987,93.555,73.655,1,11,87,1,0,29
988,17.01,0.0,0,29,55,0,9,21
989,23.085,-2.104,1,29,58,0,9,22
990,21.87,4.209,0,28,57,1,8,22
991,29.16,-4.209,0,30,60,0,9,23
992,26.73,8.418,0,27,59,0,8,22
993,35.235,-6.313,1,30,63,0,9,24
994,31.59,12.627,0,26,61,1,7,23
995,41.31,-8.418,0,31,65,0,9,25
996,36.45,16.836,0,25,63,0,7,23
997,47.385,-10.522,1,31,68,0,9,26
998,41.31,21.044,0,24,65,1,6,24
999,53.46,-12.627,0,32,70,0,9,27
1000,46.17,25.253,0,23,67,0,6,24
1001,59.535,-14.731,1,32,73,0,9,28
1002,51.03,29.462,0,22,69,1,5,25
1003,65.61,-16.836,0,33,75,0,9,29
1004,55.89,33.671,0,21,71,0,5,25
1005,71.685,-18.94,1,33,78,0,9,30
1006,60.75,37.88,0,20,73,1,4,26
1007,77.76,-21.044,0,34,80,0,9,31
1008,65.61,42.089,0,19,75,0,4,26
1009,83.835,-23.149,1,34,83,0,9,32
1010,70.47,46.298,0,18,77,1,3,27
1011,89.91,-25.253,0,35,85,0,9,33
1012,75.33,50.507,0,17,79,0,3,27
1013,95.985,-27.358,1,35,88,0,9,34
1014,80.19,54.715,0,16,81,1,2,28
1015,102.06,-29.462,0,36,90,0,9,35
1016,85.05,58.924,0,15,83,0,2,28
1017,108.135,-31.567,1,36,93,0,9,36
1018,89.91,63.133,0,14,85,1,1,29
1019,114.21,-33.671,0,37,95,0,9,37
1020,94.77,67.342,0,13,87,0,1,29
1021,27.945,2.104,1,28,60,1,8,23
1022,34.02,0.0,0,29,62,1,8,24
1023,32.805,6.313,1,27,62,0,8,23
1024,40.095,-2.104,1,29,65,1,8,25
1025,37.665,10.522,1,26,64,1,7,24
1026,46.17,-4.209,0,30,67,1,8,26
1027,42.525,14.731,1,25,66,0,7,24
1028,52.245,-6.313,1,30,70,1,8,27
1029,47.385,18.94,1,24,68,1,6,25
1030,58.32,-8.418,0,31,72,1,8,28
1031,52.245,23.149,1,23,70,0,6,25
1032,64.395,-10.522,1,31,75,1,8,29
1033,57.105,27.358,1,22,72,1,5,26
1034,70.47,-12.627,0,32,77,1,8,30
1035,61.965,31.567,1,21,74,0,5,26
1036,76.545,-14.731,1,32,80,1,8,31
1037,66.825,35.776,1,20,76,1,4,27
1038,82.62,-16.836,0,33,82,1,8,32
1039,71.685,39.984,1,19,78,0,4,27
1040,88.695,-18.94,1,33,85,1,8,33
1041,76.545,44.193,1,18,80,1,3,28
1042,94.77,-21.044,0,34,87,1,8,34
1043,81.405,48.402,1,17,82,0,3,28
1044,100.845,-23.149,1,34,90,1,8,35
1045,86.265,52.611,1,16,84,1,2,29
1046,106.92,-25.253,0,35,92,1,8,36
1047,91.125,56.82,1,15,86,0,2,29
1048,112.995,-27.358,1,35,95,1,8,37
1049,95.985,61.029,1,14,88,1,1,30
1050,38.88,4.209,0,28,64,0,8,24
1051,44.955,2.104,1,28,67,0,8,25
1052,43.74,8.418,0,27,66,1,7,25
1053,51.03,0.0,0,29,69,0,8,26
1054,48.6,12.627,0,26,68,0,7,25
1055,57.105,-2.104,1,29,72,0,8,27
1056,53.46,16.836,0,25,70,1,6,26
1057,63.18,-4.209,0,30,74,0,8,28
1058,58.32,21.044,0,24,72,0,6,26
1059,69.255,-6.313,1,30,77,0,8,29
1060,63.18,25.253,0,23,74,1,5,27
1061,75.33,-8.418,0,31,79,0,8,30
1062,68.04,29.462,0,22,76,0,5,27
1063,81.405,-10.522,1,31,82,0,8,31
1064,72.9,33.671,0,21,78,1,4,28
1065,87.48,-12.627,0,32,84,0,8,32
1066,77.76,37.88,0,20,80,0,4,28
1067,93.555,-14.731,1,32,87,0,8,33
1068,82.62,42.089,0,19,82,1,3,29
1069,99.63,-16.836,0,33,89,0,8,34
1070,87.48,46.298,0,18,84,0,3,29
1071,105.705,-18.94,1,33,92,0,8,35
1072,92.34,50.507,0,17,86,1,2,30
1073,111.78,-21.044,0,34,94,0,8,36
1074,97.2,54.715,0,16,88,0,2,30
1075,49.815,6.313,1,27,69,1,7,26
1076,55.89,4.209,0,28,71,1,7,27
1077,54.675,10.522,1,26,71,0,7,26
1078,61.965,2.104,1,28,74,1,7,28
1079,59.535,14.731,1,25,73,1,6,27
1080,68.04,0.0,0,29,76,1,7,29
1081,64.395,18.94,1,24,75,0,6,27
1082,74.115,-2.104,1,29,79,1,7,30
1083,69.255,23.149,1,23,77,1,5,28
1084,80.19,-4.209,0,30,81,1,7,31
1085,74.115,27.358,1,22,79,0,5,28
1086,86.265,-6.313,1,30,84,1,7,32
1087,78.975,31.567,1,21,81,1,4,29
1088,92.34,-8.418,0,31,86,1,7,33
1089,83.835,35.776,1,20,83,0,4,29
1090,98.415,-10.522,1,31,89,1,7,34
1091,88.695,39.984,1,19,85,1,3,30
1092,104.49,-12.627,0,32,91,1,7,35
1093,93.555,44.193,1,18,87,0,3,30
1094,110.565,-14.731,1,32,94,1,7,36
1095,98.415,48.402,1,17,89,1,2,31
1096,60.75,8.418,0,27,73,0,7,27
1097,66.825,6.313,1,27,76,0,7,28
1098,65.61,12.627,0,26,75,1,6,28
1099,72.9,4.209,0,28,78,0,7,29
1100,70.47,16.836,0,25,77,0,6,28
1101,78.975,2.104,1,28,81,0,7,30
1102,75.33,21.044,0,24,79,1,5,29
1103,85.05,0.0,0,29,83,0,7,31
1104,80.19,25.253,0,23,81,0,5,29
1105,91.125,-2.104,1,29,86,0,7,32
1106,85.05,29.462,0,22,83,1,4,30
1107,97.2,-4.209,0,30,88,0,7,33
1108,89.91,33.671,0,21,85,0,4,30
1109,103.275,-6.313,1,30,91,0,7,34
1110,94.77,37.88,0,20,87,1,3,31
1111,109.35,-8.418,0,31,93,0,7,35
1112,99.63,42.089,0,19,89,0,3,31
1113,71.685,10.522,1,26,78,1,6,29
1114,77.76,8.418,0,27,80,1,6,30
1115,76.545,14.731,1,25,80,0,6,29
1116,83.835,6.313,1,27,83,1,6,31
1117,81.405,18.94,1,24,82,1,5,30
1118,89.91,4.209,0,28,85,1,6,32
1119,86.265,23.149,1,23,84,0,5,30
1120,95.985,2.104,1,28,88,1,6,33
1121,91.125,27.358,1,22,86,1,4,31
1122,102.06,-0.0,0,29,90,1,6,34
1123,95.985,31.567,1,21,88,0,4,31
1124,108.135,-2.104,1,29,93,1,6,35
1125,100.845,35.776,1,20,90,1,3,32
1126,82.62,12.627,0,26,82,0,6,30
1127,88.695,10.522,1,26,85,0,6,31
1128,87.48,16.836,0,25,84,1,5,31
1129,94.77,8.418,0,27,87,0,6,32
1130,92.34,21.044,0,24,86,0,5,31
1131,100.845,6.313,1,27,90,0,6,33
1132,97.2,25.253,0,23,88,1,4,32
1133,106.92,4.209,0,28,92,0,6,34
1134,102.06,29.462,0,22,90,0,4,32
1135,93.555,14.731,1,25,87,1,5,32
1136,99.63,12.627,0,26,89,1,5,33
1137,98.415,18.94,1,24,89,0,5,32
1138,105.705,10.522,1,26,92,1,5,34
1139,103.275,23.149,1,23,91,1,4,33
1140,104.49,16.836,0,25,91,0,5,33
